-- AUTO-GENERATED by scripts/generate-seed-catalog.mjs

insert into public.repair_departments (id, name, code)
values
  ('d1000000-0000-4000-8000-000000000001', 'Ремонтно-механический участок', 'РМУ'),
  ('d1000000-0000-4000-8000-000000000002', 'Служба главного энергетика', 'СГЭ'),
  ('d1000000-0000-4000-8000-000000000003', 'Служба КИПиА', 'КИПиА'),
  ('d1000000-0000-4000-8000-000000000004', 'Инструментальный участок', 'ИНСТ'),
  ('d1000000-0000-4000-8000-000000000005', 'Участок станков с ЧПУ и электроники', 'ЧПУ-Э'),
  ('d1000000-0000-4000-8000-000000000006', 'Участок гидро- и пневмоавтики', 'ГПА'),
  ('d1000000-0000-4000-8000-000000000007', 'Служба ремонта ГПМ', 'ГПМ'),
  ('d1000000-0000-4000-8000-000000000008', 'Участок ремонта техтранспорта', 'ТТ'),
  ('d1000000-0000-4000-8000-000000000009', 'Компрессорный участок', 'КОМП'),
  ('d1000000-0000-4000-8000-000000000010', 'Участок вентиляции и климата', 'ВК'),
  ('d1000000-0000-4000-8000-000000000011', 'Сантехнический участок (ВиК)', 'ВИК'),
  ('d1000000-0000-4000-8000-000000000012', 'Ремонтно-строительный цех', 'РСЦ')
on conflict (code) do nothing;

insert into public.technicians (id, full_name, specialty, is_active, repair_department_id)
values
  ('b2000000-0000-4000-8000-000000000001', 'Петров С.И.', 'Слесарь', true, 'd1000000-0000-4000-8000-000000000001'),
  ('b2000000-0000-4000-8000-000000000002', 'Иванов А.А.', 'Электрик', true, 'd1000000-0000-4000-8000-000000000002'),
  ('b2000000-0000-4000-8000-000000000003', 'Сидоров В.П.', 'Наладчик ЧПУ', true, 'd1000000-0000-4000-8000-000000000001'),
  ('b2000000-0000-4000-8000-000000000004', 'Козлов М.Н.', 'Слесарь', true, 'd1000000-0000-4000-8000-000000000001'),
  ('b2000000-0000-4000-8000-000000000005', 'Михалыч', 'Слесарь', false, 'd1000000-0000-4000-8000-000000000001'),
  ('b2000000-0000-4000-8000-000000000006', 'Борисов А.К.', 'Инструментальщик', true, 'd1000000-0000-4000-8000-000000000004'),
  ('b2000000-0000-4000-8000-000000000007', 'Романова Е.В.', 'Инструментальщик', true, 'd1000000-0000-4000-8000-000000000004'),
  ('b2000000-0000-4000-8000-000000000008', 'Дьяков И.М.', 'Электронщик ЧПУ', true, 'd1000000-0000-4000-8000-000000000005'),
  ('b2000000-0000-4000-8000-000000000009', 'Лисовский П.А.', 'Наладчик ЧПУ', true, 'd1000000-0000-4000-8000-000000000005'),
  ('b2000000-0000-4000-8000-000000000010', 'Гончаров Д.С.', 'Гидравлик', true, 'd1000000-0000-4000-8000-000000000006'),
  ('b2000000-0000-4000-8000-000000000011', 'Мельник О.В.', 'Гидравлик', true, 'd1000000-0000-4000-8000-000000000006'),
  ('b2000000-0000-4000-8000-000000000012', 'Тарасов Н.Г.', 'Механик ГПМ', true, 'd1000000-0000-4000-8000-000000000007'),
  ('b2000000-0000-4000-8000-000000000013', 'Кравцов В.Л.', 'Механик ГПМ', true, 'd1000000-0000-4000-8000-000000000007'),
  ('b2000000-0000-4000-8000-000000000014', 'Орлов С.П.', 'Механик по техтранспорту', true, 'd1000000-0000-4000-8000-000000000008'),
  ('b2000000-0000-4000-8000-000000000015', 'Фомин А.Р.', 'Компрессорщик', true, 'd1000000-0000-4000-8000-000000000009'),
  ('b2000000-0000-4000-8000-000000000016', 'Яковлева Т.И.', 'Компрессорщик', true, 'd1000000-0000-4000-8000-000000000009'),
  ('b2000000-0000-4000-8000-000000000017', 'Семёнов К.Д.', 'Слесарь-вентиляционник', true, 'd1000000-0000-4000-8000-000000000010'),
  ('b2000000-0000-4000-8000-000000000018', 'Панова Л.А.', 'Сантехник', true, 'd1000000-0000-4000-8000-000000000011'),
  ('b2000000-0000-4000-8000-000000000019', 'Волков Г.Е.', 'Сантехник', true, 'd1000000-0000-4000-8000-000000000011'),
  ('b2000000-0000-4000-8000-000000000020', 'Зайцев М.Ю.', 'Строитель-механик', true, 'd1000000-0000-4000-8000-000000000012'),
  ('b2000000-0000-4000-8000-000000000021', 'Никитин Р.О.', 'Строитель-механик', false, 'd1000000-0000-4000-8000-000000000012'),
  ('b2000000-0000-4000-8000-000000000022', 'Егоров Ф.Н.', 'Слесарь', true, 'd1000000-0000-4000-8000-000000000001'),
  ('b2000000-0000-4000-8000-000000000023', 'Кузьмина О.С.', 'Электрик', true, 'd1000000-0000-4000-8000-000000000002'),
  ('b2000000-0000-4000-8000-000000000024', 'Белый А.В.', 'КИПиА', true, 'd1000000-0000-4000-8000-000000000003')
on conflict (id) do nothing;

insert into public.equipment_categories (id, name, description)
values
  ('f1000000-0000-4000-8000-000000000001', 'Токарная обработка', 'Токарные и токарно-винторезные станки'),
  ('f1000000-0000-4000-8000-000000000002', 'Штамповка / прессы', 'Кривошипные и гидравлические прессы'),
  ('f1000000-0000-4000-8000-000000000003', 'Резка (твёрдый материал)', 'Ленточнопильные и отрезные станки'),
  ('f1000000-0000-4000-8000-000000000004', 'Универсальная мехобработка', 'Фрезерные и расточные станки с полным циклом ТО'),
  ('f1000000-0000-4000-8000-000000000005', 'Сварочное оборудование', 'Сварочные роботы, полуавтоматы, установки'),
  ('f1000000-0000-4000-8000-000000000006', 'Термическое и печи', 'Шахтные печи, камерные печи, закалочные агрегаты'),
  ('f1000000-0000-4000-8000-000000000007', 'Грузоподъёмные механизмы', 'Мостовые краны, кран-балки, тельферы'),
  ('f1000000-0000-4000-8000-000000000008', 'Сборочные стенды и конвейеры', 'Гидравлические стенды, конвейерные линии'),
  ('f1000000-0000-4000-8000-000000000009', 'Компрессорное (агрегаты ОС)', 'Винтовые и поршневые компрессорные станции'),
  ('f1000000-0000-4000-8000-000000000010', 'Внутризаводской транспорт (ОС)', 'Вилочные погрузчики, электрокары, штабелёры'),
  ('f1000000-0000-4000-8000-000000000011', 'Станки с ЧПУ', 'Обрабатывающие центры и станки с ЧПУ')
on conflict (name) do nothing;

insert into public.category_maintenance_norms (id, category_id, maintenance_type, interval_days, description)
values
  ('f2000000-0000-4000-8000-000000000001', 'f1000000-0000-4000-8000-000000000001', 'to1', 30, 'Смазка направляющих и шпиндельной бабки; контроль уровня масла; осмотр ремней и муфт; проверка люфта шпинделя'),
  ('f2000000-0000-4000-8000-000000000002', 'f1000000-0000-4000-8000-000000000001', 'to2', 180, 'Полная замена масла; протяжка креплений; регулировка направляющих; промывка СОЖ'),
  ('f2000000-0000-4000-8000-000000000003', 'f1000000-0000-4000-8000-000000000002', 'to1', 30, 'Смазка ползуна; осмотр муфты и тормозов; проверка гидросистемы; контроль штампов'),
  ('f2000000-0000-4000-8000-000000000004', 'f1000000-0000-4000-8000-000000000002', 'kr', 1000, 'Разборка КШМ; замена подшипников; ревизия гидроагрегата; протяжка рамы'),
  ('f2000000-0000-4000-8000-000000000005', 'f1000000-0000-4000-8000-000000000003', 'to1', 30, 'Натяжение ленточного полотна; смазка направляющих; осмотр зубьев; проверка СОЖ'),
  ('f2000000-0000-4000-8000-000000000006', 'f1000000-0000-4000-8000-000000000004', 'to1', 45, 'Смазка направляющих и шпинделя; контроль масла в редукторах; осмотр магазина инструмента'),
  ('f2000000-0000-4000-8000-000000000007', 'f1000000-0000-4000-8000-000000000004', 'to2', 365, 'Замена масла; протяжка ШВП; калибровка геометрии; промывка стружкоудаления'),
  ('f2000000-0000-4000-8000-000000000008', 'f1000000-0000-4000-8000-000000000004', 'kr', 2400, 'Разборка шпинделя; замена ШВП; ревизия серводвигателей; выверка геометрии'),
  ('f2000000-0000-4000-8000-000000000009', 'f1000000-0000-4000-8000-000000000005', 'to1', 60, 'Осмотр горелки и подачи газа; чистка сопел; проверка кабелей и шлангов; контроль заземления'),
  ('f2000000-0000-4000-8000-000000000010', 'f1000000-0000-4000-8000-000000000005', 'to2', 365, 'Ревизия редуктора робота; замена изоляции; калибровка траектории; проверка блокировок'),
  ('f2000000-0000-4000-8000-000000000011', 'f1000000-0000-4000-8000-000000000006', 'to1', 60, 'Контроль нагревателей и термопар; осмотр уплотнений; чистка вентиляторов циркуляции'),
  ('f2000000-0000-4000-8000-000000000012', 'f1000000-0000-4000-8000-000000000006', 'kr', 1800, 'Ревизия нагревателей; замена теплоизоляции; проверка автоматики; капремонт камеры'),
  ('f2000000-0000-4000-8000-000000000013', 'f1000000-0000-4000-8000-000000000007', 'to1', 90, 'Осмотр канатов и блоков; смазка тележек; проверка тормозов и концевиков'),
  ('f2000000-0000-4000-8000-000000000014', 'f1000000-0000-4000-8000-000000000007', 'kr', 2400, 'Замена канатов; ревизия редукторов подъёма; протяжка путей; неразрушающий контроль металла'),
  ('f2000000-0000-4000-8000-000000000015', 'f1000000-0000-4000-8000-000000000008', 'to1', 60, 'Контроль гидросистемы стенда; проверка цилиндров; протяжка зажимов; аварийный стоп'),
  ('f2000000-0000-4000-8000-000000000016', 'f1000000-0000-4000-8000-000000000009', 'to1', 30, 'Замена фильтров; контроль давления; слив конденсата; проверка ремней привода'),
  ('f2000000-0000-4000-8000-000000000017', 'f1000000-0000-4000-8000-000000000009', 'to2', 365, 'Ревизия винтового блока; замена масла; проверка клапанов; осмотр ресивера'),
  ('f2000000-0000-4000-8000-000000000018', 'f1000000-0000-4000-8000-000000000010', 'to1', 45, 'Осмотр аккумуляторов и шин; смазка мачты; проверка тормозов; контроль гидравлики подъёма'),
  ('f2000000-0000-4000-8000-000000000019', 'f1000000-0000-4000-8000-000000000011', 'to1', 30, 'Смазка направляющих; контроль уровней масла; осмотр ATC; замена фильтров СОЖ'),
  ('f2000000-0000-4000-8000-000000000020', 'f1000000-0000-4000-8000-000000000011', 'to2', 365, 'Замена масла в шпинделе; протяжка ШВП; калибровка геометрии; чистка линейных шкал'),
  ('f2000000-0000-4000-8000-000000000021', 'f1000000-0000-4000-8000-000000000011', 'kr', 2400, 'Разборка шпинделя; замена подшипников; ревизия ЧПУ; выверка станка')
on conflict (category_id, maintenance_type) do nothing;

insert into public.category_maintenance_norms_departments (category_norm_id, repair_department_id)
values
  ('f2000000-0000-4000-8000-000000000001', 'd1000000-0000-4000-8000-000000000001'),
  ('f2000000-0000-4000-8000-000000000002', 'd1000000-0000-4000-8000-000000000001'),
  ('f2000000-0000-4000-8000-000000000003', 'd1000000-0000-4000-8000-000000000001'),
  ('f2000000-0000-4000-8000-000000000004', 'd1000000-0000-4000-8000-000000000001'),
  ('f2000000-0000-4000-8000-000000000004', 'd1000000-0000-4000-8000-000000000002'),
  ('f2000000-0000-4000-8000-000000000005', 'd1000000-0000-4000-8000-000000000001'),
  ('f2000000-0000-4000-8000-000000000006', 'd1000000-0000-4000-8000-000000000001'),
  ('f2000000-0000-4000-8000-000000000007', 'd1000000-0000-4000-8000-000000000001'),
  ('f2000000-0000-4000-8000-000000000008', 'd1000000-0000-4000-8000-000000000001'),
  ('f2000000-0000-4000-8000-000000000008', 'd1000000-0000-4000-8000-000000000002'),
  ('f2000000-0000-4000-8000-000000000009', 'd1000000-0000-4000-8000-000000000001'),
  ('f2000000-0000-4000-8000-000000000010', 'd1000000-0000-4000-8000-000000000001'),
  ('f2000000-0000-4000-8000-000000000011', 'd1000000-0000-4000-8000-000000000001'),
  ('f2000000-0000-4000-8000-000000000012', 'd1000000-0000-4000-8000-000000000001'),
  ('f2000000-0000-4000-8000-000000000012', 'd1000000-0000-4000-8000-000000000002'),
  ('f2000000-0000-4000-8000-000000000013', 'd1000000-0000-4000-8000-000000000007'),
  ('f2000000-0000-4000-8000-000000000013', 'd1000000-0000-4000-8000-000000000001'),
  ('f2000000-0000-4000-8000-000000000014', 'd1000000-0000-4000-8000-000000000007'),
  ('f2000000-0000-4000-8000-000000000015', 'd1000000-0000-4000-8000-000000000001'),
  ('f2000000-0000-4000-8000-000000000016', 'd1000000-0000-4000-8000-000000000009'),
  ('f2000000-0000-4000-8000-000000000016', 'd1000000-0000-4000-8000-000000000006'),
  ('f2000000-0000-4000-8000-000000000017', 'd1000000-0000-4000-8000-000000000009'),
  ('f2000000-0000-4000-8000-000000000018', 'd1000000-0000-4000-8000-000000000008'),
  ('f2000000-0000-4000-8000-000000000019', 'd1000000-0000-4000-8000-000000000005'),
  ('f2000000-0000-4000-8000-000000000019', 'd1000000-0000-4000-8000-000000000001'),
  ('f2000000-0000-4000-8000-000000000020', 'd1000000-0000-4000-8000-000000000005'),
  ('f2000000-0000-4000-8000-000000000021', 'd1000000-0000-4000-8000-000000000005')
on conflict do nothing;
